name,squad,position,club,tm_id,market_value_eur
Tomáš Holeš,Czech Republic,DF,Slavia Prague,216278,
Robin Hranáč,Czech Republic,DF,TSG Hoffenheim,620217,
Vladimír Coufal,Czech Republic,DF,TSG Hoffenheim,157672,
Štěpán Chaloupek,Czech Republic,DF,Slavia Prague,944827,
Ladislav Krejčí,Czech Republic,DF,Wolverhampton Wanderers,345911,
Vladimír Darida,Czech Republic,MF,Hradec Králové,179643,
Adam Hložek,Czech Republic,FW,TSG Hoffenheim,552057,
Patrik Schick,Czech Republic,FW,Bayer Leverkusen,242086,
Jan Kuchta,Czech Republic,FW,Sparta Prague,334802,
Lukáš Červ,Czech Republic,MF,Viktoria Plzeň,611049,
Mojmír Chytil,Czech Republic,FW,Slavia Prague,405855,
David Jurásek,Czech Republic,DF,Slavia Prague,500054,
Pavel Šulc,Czech Republic,FW,Lyon,500053,
Jindřich Staněk,Czech Republic,GK,Slavia Prague,242089,
Lukáš Provod,Czech Republic,MF,Slavia Prague,292779,
Michal Sadílek,Czech Republic,MF,Slavia Prague,321204,
Tomáš Chorý,Czech Republic,FW,Slavia Prague,198614,
Jaroslav Zelený,Czech Republic,DF,Sparta Prague,142219,
David Douděra,Czech Republic,DF,Slavia Prague,493758,
Tomáš Souček,Czech Republic,MF,West Ham United,283628,
Lukáš Horníček,Czech Republic,GK,Braga,629773,
Alexandr Sojka,Czech Republic,MF,Viktoria Plzeň,826103,
Hugo Sochůrek,Czech Republic,MF,Sparta Prague,1206877,
Denis Višinský,Czech Republic,FW,Viktoria Plzeň,652060,
Raúl Rangel,Mexico,GK,Guadalajara,802855,
Jorge Sánchez,Mexico,DF,PAOK,1169518,
César Montes,Mexico,DF,Lokomotiv Moscow,387687,
Edson Álvarez,Mexico,DF,Fenerbahçe,401356,
Érik Lira,Mexico,MF,Cruz Azul,602324,
Luis Romo,Mexico,MF,Guadalajara,532938,
Álvaro Fidalgo,Mexico,MF,Real Betis,261503,
Santiago Giménez,Mexico,FW,Milan,552955,
Guillermo Ochoa,Mexico,GK,AEL Limassol,29559,
Israel Reyes,Mexico,DF,América,941928,
Julián Quiñones,Mexico,FW,Al-Qadsiah,416090,
Orbelín Pineda,Mexico,MF,AEK Athens,334042,
Obed Vargas,Mexico,MF,Atlético Madrid,889435,
Mateo Chávez,Mexico,DF,AZ,1066953,
César Huerta,Mexico,FW,Anderlecht,540315,
Jesús Gallardo,Mexico,DF,Toluca,344854,
Brian Gutiérrez,Mexico,MF,Guadalajara,1428936,
Ronwen Williams,South Africa,GK,Mamelodi Sundowns,175577,
Thabang Matuludi,South Africa,DF,Polokwane City,1109254,
Khulumani Ndamane,South Africa,DF,Mamelodi Sundowns,1283140,
Thalente Mbatha,South Africa,MF,Orlando Pirates,735697,
Aubrey Modiba,South Africa,DF,Mamelodi Sundowns,353432,
Oswin Appollis,South Africa,FW,Orlando Pirates,673381,
Tshepang Moremi,South Africa,FW,Orlando Pirates,844485,
Lyle Foster,South Africa,FW,Burnley,467623,
Relebohile Mofokeng,South Africa,FW,Orlando Pirates,1125037,
Themba Zwane,South Africa,MF,Mamelodi Sundowns,176578,
Thapelo Maseko,South Africa,FW,AEL Limassol,983330,
Sphephelo Sithole,South Africa,MF,Tondela,401736,
Mbekezeli Mbokazi,South Africa,DF,Chicago Fire FC,1378320,
Iqraam Rayners,South Africa,FW,Mamelodi Sundowns,337884,
Sipho Chaine,South Africa,GK,Orlando Pirates,453370,
Evidence Makgopa,South Africa,FW,Orlando Pirates,746781,
Samukele Kabini,South Africa,DF,Molde,1175086,
Nkosinathi Sibisi,South Africa,DF,Orlando Pirates,399068,
Khuliso Mudau,South Africa,DF,Mamelodi Sundowns,450806,
Ime Okon,South Africa,DF,Hannover 96,1107265,
Ricardo Goss,South Africa,GK,Siwelele,258304,
Jayden Adams,South Africa,MF,Mamelodi Sundowns,804472,
Olwethu Makhanya,South Africa,DF,Philadelphia Union,1069801,
Kamogelo Sebelebele,South Africa,FW,Orlando Pirates,994370,
Bradley Cross,South Africa,DF,Kaizer Chiefs,555209,
Lawrence Ati-Zigi,Ghana,GK,St. Gallen,,
Jens Castrop,South Korea,DF,Borussia Mönchengladbach,613192,
Nikola Vasilj,Bosnia and Herzegovina,GK,FC St. Pauli,248454,
Dennis Hadžikadunić,Bosnia and Herzegovina,DF,Sampdoria,322065,
Tarik Muharemović,Bosnia and Herzegovina,DF,Sassuolo,679423,
Benjamin Tahirović,Bosnia and Herzegovina,MF,Brøndby,787907,
Amar Dedić,Bosnia and Herzegovina,DF,Benfica,519184,
Armin Gigović,Bosnia and Herzegovina,MF,Young Boys,651269,
Samed Baždar,Bosnia and Herzegovina,FW,Jagiellonia Białystok,710969,
Ermedin Demirović,Bosnia and Herzegovina,FW,VfB Stuttgart,335457,
Edin Džeko,Bosnia and Herzegovina,FW,Schalke 04,28396,
Mladen Jurkas,Bosnia and Herzegovina,GK,Borac Banja Luka,952692,
Ivan Bašić,Bosnia and Herzegovina,MF,Astana,1178517,
Ivan Šunjić,Bosnia and Herzegovina,MF,Pafos,226097,
Amar Memić,Bosnia and Herzegovina,MF,Viktoria Plzeň,638990,
Amir Hadžiahmetović,Bosnia and Herzegovina,MF,Hull City,293213,
Dženis Burnić,Bosnia and Herzegovina,MF,Karlsruher SC,251295,
Kerim Alajbegović,Bosnia and Herzegovina,FW,Red Bull Salzburg,929994,
Esmir Bajraktarević,Bosnia and Herzegovina,FW,PSV Eindhoven,925862,
Stjepan Radeljić,Bosnia and Herzegovina,DF,Rijeka,384568,
Martin Zlomislić,Bosnia and Herzegovina,GK,Rijeka,495320,
Haris Tabaković,Bosnia and Herzegovina,FW,Borussia Mönchengladbach,1040473,
Arjan Malić,Bosnia and Herzegovina,DF,Sturm Graz,805534,
Jovo Lukić,Bosnia and Herzegovina,FW,Universitatea Cluj,457738,
Ermin Mahmić,Bosnia and Herzegovina,MF,Slovan Liberec,803049,
Dayne St. Clair,Canada,GK,Inter Miami CF,439750,
Alistair Johnston,Canada,DF,Celtic,637446,
Alfie Jones,Canada,DF,Middlesbrough,1307141,
Luc de Fougerolles,Canada,DF,Dender,921995,
Joel Waterman,Canada,DF,Chicago Fire FC,441738,
Mathieu Choinière,Canada,MF,Los Angeles FC,589006,
Stephen Eustáquio,Canada,MF,Los Angeles FC,512913,
Cyle Larin,Canada,FW,Southampton,343463,
Jonathan David,Canada,FW,Juventus,533738,
Liam Millar,Canada,MF,Hull City,487417,
Tani Oluwaseyi,Canada,FW,Villarreal,972465,
Derek Cornelius,Canada,DF,Rangers,328609,
Jacob Shaffelburg,Canada,MF,Los Angeles FC,637632,
Moïse Bombito,Canada,DF,Nice,1089202,
Maxime Crépeau,Canada,GK,Orlando City SC,189014,
Tajon Buchanan,Canada,FW,Villarreal,638793,
Owen Goodman,Canada,GK,Barnsley,814848,
Alphonso Davies,Canada,DF,Bayern Munich,424204,
Jonathan Osorio,Canada,MF,Toronto FC,260807,
Richie Laryea,Canada,DF,Toronto FC,417348,
Niko Sigur,Canada,DF,Hajduk Split,1045375,
Promise David,Canada,FW,Union Saint-Gilloise,888785,
Nathan Saliba,Canada,MF,Anderlecht,842420,
Jayden Nelson,Canada,FW,Austin FC,635445,
Mahmud Abunada,Qatar,GK,Al-Rayyan,669629,
Pedro Miguel,Qatar,DF,Al-Sadd,299400,
Lucas Mendes,Qatar,DF,Al-Wakrah,1501873,
Issa Laye,Qatar,DF,Al-Arabi,1264176,
Jassem Gaber,Qatar,DF,Al-Rayyan,735813,
Abdulaziz Hatem,Qatar,MF,Al-Rayyan,113915,
Ahmed Alaaeldin,Qatar,FW,Al-Rayyan,187987,
Edmilson Junior,Qatar,FW,Al-Duhail,237846,
Mohammed Muntari,Qatar,FW,Al-Gharafa,266935,
Akram Afif,Qatar,FW,Al-Sadd,336646,
Karim Boudiaf,Qatar,MF,Al-Duhail,222385,
Ayoub Al-Oui,Qatar,DF,Al-Gharafa,1054631,
Yusuf Abdurisag,Qatar,FW,Al-Wakrah,589099,
Boualem Khoukhi,Qatar,DF,Al-Sadd,222669,
Ahmed Al-Ganehi,Qatar,MF,Al-Gharafa,670659,
Sultan Al-Brake,Qatar,DF,Al-Duhail,336665,
Almoez Ali,Qatar,FW,Al-Duhail,345095,
Salah Zakaria,Qatar,GK,Al-Duhail,632912,
Meshaal Barsham,Qatar,GK,Al-Sadd,560423,
Assim Madibo,Qatar,MF,Al-Wakrah,336667,
Al-Hashmi Al-Hussain,Qatar,DF,Al-Arabi,943150,
Mohamed Manai,Qatar,FW,Al-Shamal,432210,
Gregor Kobel,Switzerland,GK,Borussia Dortmund,257814,
Miro Muheim,Switzerland,DF,Hamburger SV,298603,
Silvan Widmer,Switzerland,DF,Mainz 05,168989,
Nico Elvedi,Switzerland,DF,Borussia Mönchengladbach,192635,
Manuel Akanji,Switzerland,DF,Inter Milan,284730,
Denis Zakaria,Switzerland,MF,Monaco,334526,
Breel Embolo,Switzerland,FW,Rennes,237662,
Remo Freuler,Switzerland,MF,Bologna,148252,
Johan Manzambi,Switzerland,MF,SC Freiburg,927353,
Granit Xhaka,Switzerland,MF,Sunderland,111455,
Dan Ndoye,Switzerland,FW,Nottingham Forest,365108,
Yvon Mvogo,Switzerland,GK,Lorient,147051,
Ardon Jashari,Switzerland,MF,Milan,608172,
Christian Fassnacht,Switzerland,FW,Young Boys,250490,
Rubén Vargas,Switzerland,FW,Sevilla,345886,
Eray Cömert,Switzerland,DF,Valencia,298583,
Noah Okafor,Switzerland,FW,Leeds United,346890,
Michel Aebischer,Switzerland,MF,Pisa,237658,
Zeki Amdouni,Switzerland,FW,Burnley,548729,
Aurèle Amenda,Switzerland,DF,Eintracht Frankfurt,635645,
Luca Jaquez,Switzerland,DF,VfB Stuttgart,539798,
Cedric Itten,Switzerland,FW,Fortuna Düsseldorf,243856,
Alisson,Brazil,GK,Liverpool,229736,
Gabriel Magalhães,Brazil,DF,Arsenal,435338,
Marquinhos,Brazil,DF,Paris Saint-Germain,582301,
Alex Sandro,Brazil,DF,Flamengo,79960,
Vinícius Júnior,Brazil,FW,Real Madrid,371998,
Bremer,Brazil,DF,Juventus,866995,
Fabinho,Brazil,MF,Al-Ittihad,340526,
Danilo Santos,Brazil,MF,Botafogo,1015971,
Endrick,Brazil,FW,Lyon,452164,
Lucas Paquetá,Brazil,MF,Flamengo,444523,
Roger Ibañez,Brazil,DF,Al-Ahli,524481,
Igor Thiago,Brazil,FW,Brentford,739443,
Rayan,Brazil,FW,Bournemouth,1012564,
Johny Placide,Haiti,GK,Bastia,51035,
Carlens Arcus,Haiti,DF,Angers,371686,
Keeto Thermoncy,Haiti,DF,Young Boys,1061046,
Ricardo Adé,Haiti,DF,LDU Quito,278145,
Hannes Delcroix,Haiti,DF,Lugano,338635,
Carl Sainté,Haiti,MF,El Paso Locomotive FC,718244,
Derrick Etienne Jr.,Haiti,FW,Toronto FC,354763,
Martin Expérience,Haiti,DF,Nancy,804885,
Duckens Nazon,Haiti,FW,Esteghlal,345763,
Jean-Ricner Bellegarde,Haiti,MF,Wolverhampton Wanderers,450050,
Louicius Deedson,Haiti,FW,FC Dallas,646108,
Alexandre Pierre,Haiti,GK,Sochaux,838947,
Duke Lacroix,Haiti,DF,Colorado Springs Switchbacks FC,375472,
Garven Metusala,Haiti,DF,Colorado Springs Switchbacks FC,859175,
Ruben Providence,Haiti,FW,Almere City,536520,
Lenny Joseph,Haiti,FW,Ferencváros,815359,
Danley Jean Jacques,Haiti,MF,Philadelphia Union,628834,
Wilson Isidor,Haiti,FW,Sunderland,494237,
Yassin Fortuné,Haiti,FW,Vizela,342878,
Frantzdy Pierrot,Haiti,FW,Çaykur Rizespor,492955,
Josué Casimir,Haiti,FW,Auxerre,763182,
Jean-Kévin Duverne,Haiti,DF,Gent,344864,
Josué Duverger,Haiti,GK,Cosmos Koblenz,490369,
Wilguens Paugain,Haiti,DF,Zulte Waregem,609691,
Dominique Simon,Haiti,MF,Tatran Prešov,988188,
Woodensky Pierre,Haiti,MF,Violette,1017735,
Achraf Hakimi,Morocco,DF,Paris Saint-Germain,398073,
Noussair Mazraoui,Morocco,DF,Manchester United,340456,
Sofyan Amrabat,Morocco,MF,Real Betis,287579,
Marwane Saâdane,Morocco,DF,Al-Fateh,210009,
Ayyoub Bouaddi,Morocco,MF,Lille,1097139,
Chemsdine Talbi,Morocco,MF,Sunderland,743384,
Azzedine Ounahi,Morocco,MF,Girona,593482,
Soufiane Rahimi,Morocco,FW,Al Ain,598506,
Brahim Díaz,Morocco,FW,Real Madrid,314678,
Ismael Saibari,Morocco,MF,PSV Eindhoven,702869,
Zakaria El Ouahdi,Morocco,DF,Genk,820474,
Issa Diop,Morocco,DF,Fulham,272622,
Samir El Mourabet,Morocco,MF,Strasbourg,1130514,
Gessime Yassine,Morocco,MF,Strasbourg,1151929,
Amine Sbaï,Morocco,FW,Angers,851220,
Chadi Riad,Morocco,DF,Crystal Palace,689637,
Youssef Belammari,Morocco,DF,Al Ahly,518804,
Ayoub El Kaabi,Morocco,FW,Olympiacos,521127,
Ayoube Amaimouni,Morocco,FW,Eintracht Frankfurt,799993,
Ahmed Reda Tagnaouti,Morocco,GK,AS FAR,238997,
Bilal El Khannouss,Morocco,MF,VfB Stuttgart,654982,
Neil El Aynaoui,Morocco,MF,Roma,901019,
Redouane Halhal,Morocco,DF,Mechelen,913660,
Anass Salah-Eddine,Morocco,DF,PSV Eindhoven,485584,
Angus Gunn,Scotland,GK,Nottingham Forest,201574,
Aaron Hickey,Scotland,DF,Brentford,591949,
Scott McTominay,Scotland,MF,Napoli,315969,
Grant Hanley,Scotland,DF,Hibernian,121385,
Kieran Tierney,Scotland,DF,Celtic,300716,
John McGinn,Scotland,MF,Aston Villa,193116,
Tyler Fletcher,Scotland,MF,Manchester United,1049911,
Lyndon Dykes,Scotland,FW,Charlton Athletic,347138,
Ché Adams,Scotland,FW,Torino,346779,
Liam Kelly,Scotland,GK,Rangers,1334062,
Ross Stewart,Scotland,FW,Southampton,1485023,
John Souttar,Scotland,DF,Rangers,235767,
Dominic Hyam,Scotland,DF,Wrexham,263268,
Ben Gannon-Doak,Scotland,FW,Bournemouth,719673,
George Hirst,Scotland,FW,Ipswich Town,420808,
Lawrence Shankland,Scotland,FW,Heart of Midlothian,225744,
Nathan Patterson,Scotland,DF,Everton,424015,
Anthony Ralston,Scotland,DF,Celtic,388171,
Findlay Curtis,Scotland,FW,Kilmarnock,1082993,
Scott McKenna,Scotland,DF,Dinamo Zagreb,255906,
Mathew Ryan,Australia,GK,Levante,128969,
Miloš Degenek,Australia,DF,APOEL,187353,
Alessandro Circati,Australia,DF,Parma,867137,
Jacob Italiano,Australia,DF,Grazer AK,545810,
Jordan Bos,Australia,DF,Feyenoord,855731,
Jason Geria,Australia,DF,Albirex Niigata,185175,
Mathew Leckie,Australia,FW,Melbourne City,126214,
Connor Metcalfe,Australia,MF,FC St. Pauli,522223,
Mohamed Touré,Australia,FW,Norwich City,879006,
Awer Mabil,Australia,FW,Castellón,255729,
Paul Izzo,Australia,GK,Randers,181921,
Aiden O'Neill,Australia,MF,New York City FC,385918,
Cammy Devlin,Australia,MF,Heart of Midlothian,399162,
Kai Trewin,Australia,DF,New York City FC,691326,
Aziz Behich,Australia,DF,Melbourne City,136834,
Nestory Irankunda,Australia,FW,Watford,956920,
Patrick Beach,Australia,GK,Melbourne City,983578,
Harry Souttar,Australia,DF,Leicester City,298091,
Cristian Volpato,Australia,FW,Sassuolo,746891,
Cameron Burgess,Australia,DF,Swansea City,255788,
Jackson Irvine,Australia,MF,FC St. Pauli,192557,
Nishan Velupillay,Australia,FW,Melbourne Victory,888140,
Paul Okon-Engstler,Australia,MF,Sydney FC,1064377,
Lucas Herrington,Australia,DF,Colorado Rapids,1279984,
Tete Yengi,Australia,FW,Machida Zelvia,849429,
Gatito Fernández,Paraguay,GK,Cerro Porteño,107318,
Omar Alderete,Paraguay,DF,Sunderland,353032,
Juan José Cáceres,Paraguay,DF,Dynamo Moscow,756494,
Fabián Balbuena,Paraguay,DF,Grêmio,285548,
Júnior Alonso,Paraguay,DF,Atlético Mineiro,273000,
Ramón Sosa,Paraguay,MF,Palmeiras,745191,
Miguel Almirón,Paraguay,MF,Atlanta United FC,272999,
Maurício,Paraguay,MF,Palmeiras,678439,
Orlando Gill,Paraguay,GK,San Lorenzo,643259,
José Canale,Paraguay,DF,Lanús,402627,
Andrés Cubas,Paraguay,MF,Vancouver Whitecaps FC,323872,
Damián Bobadilla,Paraguay,MF,São Paulo,861852,
Kaku,Paraguay,FW,Al Ain,355817,
Álex Arce,Paraguay,FW,Independiente Rivadavia,970518,
Braian Ojeda,Paraguay,MF,Orlando City SC,491596,
Gabriel Ávalos,Paraguay,FW,Independiente,358418,
Gastón Olveira,Paraguay,GK,Olimpia,301722,
Matías Galarza,Paraguay,MF,Atlanta United FC,661269,
Gustavo Caballero,Paraguay,MF,Portsmouth,891672,
Isidro Pitta,Paraguay,FW,Red Bull Bragantino,675178,
Alexandro Maidana,Paraguay,DF,Talleres,1371519,
Mert Günok,Turkey,GK,Fenerbahçe,51894,
Merih Demiral,Turkey,DF,Al-Ahli,340879,
Çağlar Söyüncü,Turkey,DF,Fenerbahçe,320141,
Salih Özcan,Turkey,MF,Borussia Dortmund,244940,
Orkun Kökçü,Turkey,MF,Beşiktaş,454567,
Kerem Aktürkoğlu,Turkey,FW,Fenerbahçe,382528,
Arda Güler,Turkey,FW,Real Madrid,861410,
Hakan Çalhanoğlu,Turkey,MF,Inter Milan,126414,
Kenan Yıldız,Turkey,FW,Juventus,845654,
Altay Bayındır,Turkey,GK,Manchester United,336077,
Eren Elmalı,Turkey,DF,Galatasaray,616894,
Abdülkerim Bardakcı,Turkey,DF,Galatasaray,199316,
Ozan Kabak,Turkey,DF,TSG Hoffenheim,361260,
İsmail Yüksek,Turkey,MF,Fenerbahçe,613725,
İrfan Can Kahveci,Turkey,FW,Kasımpaşa,216603,
Mert Müldür,Turkey,DF,Fenerbahçe,353922,
Yunus Akgün,Turkey,FW,Galatasaray,396908,
Ferdi Kadıoğlu,Turkey,DF,Brighton & Hove Albion,369316,
Barış Alper Yılmaz,Turkey,FW,Galatasaray,541537,
Uğurcan Çakır,Turkey,GK,Galatasaray,292199,
Oğuz Aydın,Turkey,FW,Fenerbahçe,563749,
Samet Akaydin,Turkey,DF,Çaykur Rizespor,295024,
Matt Turner,United States,GK,New England Revolution,425306,
Sergiño Dest,United States,DF,PSV Eindhoven,361104,
Chris Richards,United States,DF,Crystal Palace,578539,
Tyler Adams,United States,MF,Bournemouth,332705,
Antonee Robinson,United States,DF,Fulham,349701,
Auston Trusty,United States,DF,Celtic,389253,
Giovanni Reyna,United States,MF,Borussia Mönchengladbach,504215,
Weston McKennie,United States,MF,Juventus,332697,
Ricardo Pepi,United States,FW,PSV Eindhoven,627207,
Christian Pulisic,United States,FW,Milan,315779,
Brenden Aaronson,United States,FW,Leeds United,393323,
Tim Ream,United States,DF,Charlotte FC,145466,
Sebastian Berhalter,United States,MF,Vancouver Whitecaps FC,734761,
Alex Freeman,United States,DF,Villarreal,985806,
Malik Tillman,United States,MF,Bayer Leverkusen,467437,
Max Arfsten,United States,DF,Columbus Crew,993063,
Haji Wright,United States,FW,Coventry City,315291,
Folarin Balogun,United States,FW,Monaco,503770,
Timothy Weah,United States,FW,Marseille,370846,
Mark McKenzie,United States,DF,Toulouse,685160,
Joe Scally,United States,DF,Borussia Mönchengladbach,504153,
Matt Freese,United States,GK,New York City FC,500309,
Chris Brady,United States,GK,Chicago Fire FC,765504,
Alejandro Zendejas,United States,FW,América,351505,
Eloy Room,Curaçao,GK,Miami FC,79294,
Shurandy Sambo,Curaçao,DF,Sparta Rotterdam,412937,
Juriën Gaari,Curaçao,DF,Abha,328455,
Roshon van Eijma,Curaçao,DF,RKC Waalwijk,401029,
Sherel Floranus,Curaçao,DF,PEC Zwolle,315211,
Godfried Roemeratoe,Curaçao,MF,RKC Waalwijk,393241,
Juninho Bacuna,Curaçao,MF,Volendam,348863,
Livano Comenencia,Curaçao,MF,Zürich,626764,
Jürgen Locadia,Curaçao,FW,Miami FC,166240,
Leandro Bacuna,Curaçao,MF,Iğdır,126014,
Jeremy Antonisse,Curaçao,FW,Kifisia,594273,
Sontje Hansen,Curaçao,FW,Middlesbrough,485582,
Tyrese Noslin,Curaçao,FW,Telstar,708005,
Kenji Gorré,Curaçao,FW,Maccabi Haifa,374889,
Ar'jany Martha,Curaçao,MF,Rotherham United,572519,
Jearl Margaritha,Curaçao,FW,Beveren,538958,
Brandley Kuwas,Curaçao,FW,Volendam,232219,
Armando Obispo,Curaçao,DF,PSV Eindhoven,339337,
Gervane Kastaneer,Curaçao,FW,Terengganu,240752,
Joshua Brenet,Curaçao,DF,Kayserispor,207006,
Tahith Chong,Curaçao,MF,Sheffield United,344830,
Kevin Felida,Curaçao,MF,Den Bosch,433933,
Riechedly Bazoer,Curaçao,DF,Konyaspor,216443,
Deveron Fonville,Curaçao,DF,NEC,708989,
Tyrick Bodak,Curaçao,GK,Telstar,663961,
Trevor Doornbusch,Curaçao,GK,VVV-Venlo,390814,
Hernán Galíndez,Ecuador,GK,Huracán,77127,
Piero Hincapié,Ecuador,DF,Arsenal,659813,
Joel Ordóñez,Ecuador,DF,Club Brugge,893661,
Jordy Alcívar,Ecuador,MF,Independiente del Valle,598145,
Willian Pacho,Ecuador,DF,Paris Saint-Germain,661171,
Pervis Estupiñán,Ecuador,DF,Milan,349599,
Anthony Valencia,Ecuador,MF,Antwerp,974374,
John Yeboah,Ecuador,FW,Venezia,439914,
Kendry Páez,Ecuador,MF,River Plate,1052439,
Kevin Rodríguez,Ecuador,FW,Union Saint-Gilloise,1464917,
Moisés Ramírez,Ecuador,GK,Kifisia,450233,
Enner Valencia,Ecuador,FW,Pachuca,139503,
Alan Minda,Ecuador,MF,Atlético Mineiro,897051,
Pedro Vite,Ecuador,MF,Pumas,659806,
Jordy Caicedo,Ecuador,FW,Huracán,360412,
Ángelo Preciado,Ecuador,DF,Atlético Mineiro,450241,
Denil Castillo,Ecuador,MF,Midtjylland,941418,
Gonzalo Plata,Ecuador,FW,Flamengo,592735,
Nilson Angulo,Ecuador,FW,Sunderland,903611,
Alan Franco,Ecuador,MF,Atlético Mineiro,400960,
Moisés Caicedo,Ecuador,MF,Chelsea,687626,
Jeremy Arévalo,Ecuador,FW,VfB Stuttgart,971663,
Jackson Porozo,Ecuador,DF,Tijuana,491616,
Yaimar Medina,Ecuador,DF,Genk,893659,
Manuel Neuer,Germany,GK,Bayern Munich,17259,
Antonio Rüdiger,Germany,DF,Real Madrid,86202,
Waldemar Anton,Germany,DF,Borussia Dortmund,193004,
Jonathan Tah,Germany,DF,Bayern Munich,196357,
Joshua Kimmich,Germany,DF,Bayern Munich,161056,
Kai Havertz,Germany,FW,Arsenal,309400,
Leon Goretzka,Germany,MF,Bayern Munich,153084,
Jamie Leweling,Germany,MF,VfB Stuttgart,518505,
Jamal Musiala,Germany,MF,Bayern Munich,580195,
Nick Woltemade,Germany,FW,Newcastle United,455661,
Maximilian Beier,Germany,FW,Borussia Dortmund,578392,
Nico Schlotterbeck,Germany,DF,Borussia Dortmund,388198,
Angelo Stiller,Germany,MF,VfB Stuttgart,443710,
Leroy Sané,Germany,MF,Galatasaray,192565,
Nadiem Amiri,Germany,MF,Mainz 05,232454,
Alexander Nübel,Germany,GK,VfB Stuttgart,195778,
David Raum,Germany,DF,RB Leipzig,318204,
Felix Nmecha,Germany,MF,Borussia Dortmund,406640,
Assan Ouédraogo,Germany,MF,RB Leipzig,897424,
Deniz Undav,Germany,FW,VfB Stuttgart,339314,
Yahia Fofana,Ivory Coast,GK,Çaykur Rizespor,418651,
Ousmane Diomande,Ivory Coast,DF,Sporting CP,974982,
Ghislain Konan,Ivory Coast,DF,Gil Vicente,422850,
Jean Michaël Seri,Ivory Coast,MF,Maribor,178614,
Wilfried Singo,Ivory Coast,DF,Galatasaray,648779,
Seko Fofana,Ivory Coast,MF,Porto,182893,
Odilon Kossounou,Ivory Coast,DF,Atalanta,644771,
Franck Kessié,Ivory Coast,MF,Al-Ahli,294808,
Ange-Yoan Bonny,Ivory Coast,FW,Inter Milan,827734,
Simon Adingra,Ivory Coast,FW,Monaco,658536,
Yan Diomande,Ivory Coast,FW,RB Leipzig,1390649,
Elye Wahi,Ivory Coast,FW,Nice,659542,
Christopher Opéri,Ivory Coast,DF,İstanbul Başakşehir,469976,
Amad Diallo,Ivory Coast,FW,Manchester United,536835,
Guéla Doué,Ivory Coast,DF,Strasbourg,711980,
Nicolas Pépé,Ivory Coast,FW,Villarreal,343052,
Emmanuel Agbadou,Ivory Coast,DF,Beşiktaş,683895,
Evan Ndicka,Ivory Coast,DF,Roma,371149,
Evann Guessand,Ivory Coast,FW,Crystal Palace,500689,
Alban Lafont,Ivory Coast,GK,Panathinaikos,357117,
Bazoumana Touré,Ivory Coast,FW,TSG Hoffenheim,1067904,
Christ Inao Oulaï,Ivory Coast,MF,Trabzonspor,1279526,
Zion Suzuki,Japan,GK,Parma,432298,
Yukinari Sugawara,Japan,DF,Werder Bremen,405385,
Shōgo Taniguchi,Japan,DF,Sint-Truiden,991501,
Kō Itakura,Japan,DF,Ajax,355816,
Yūto Nagatomo,Japan,DF,FC Tokyo,79522,
Shuto Machino,Japan,FW,Borussia Mönchengladbach,550580,
Ao Tanaka,Japan,MF,Leeds United,489359,
Takefusa Kubo,Japan,MF,Real Sociedad,405398,
Keisuke Gotō,Japan,FW,Sint-Truiden,916623,
Ritsu Dōan,Japan,MF,Eintracht Frankfurt,358504,
Daizen Maeda,Japan,MF,Celtic,420931,
Keisuke Ōsako,Japan,GK,Sanfrecce Hiroshima,415521,
Junya Itō,Japan,MF,Genk,444096,
Daichi Kamada,Japan,MF,Crystal Palace,356141,
Tsuyoshi Watanabe,Japan,DF,Feyenoord,598791,
Yuito Suzuki,Japan,MF,SC Freiburg,1534090,
Ayase Ueda,Japan,FW,Feyenoord,589128,
Kōki Ogawa,Japan,FW,NEC,1388422,
Ayumu Seko,Japan,DF,Le Havre,405389,
Takehiro Tomiyasu,Japan,DF,Ajax,331560,
Tomoki Hayakawa,Japan,GK,Kashima Antlers,683271,
Kaishū Sano,Japan,MF,Mainz 05,643574,
Junnosuke Suzuki,Japan,DF,Copenhagen,848856,
Kento Shiogai,Japan,FW,VfL Wolfsburg,1144627,
Bart Verbruggen,Netherlands,GK,Brighton & Hove Albion,565093,
Lutsharel Geertruida,Netherlands,DF,Sunderland,420210,
Marten de Roon,Netherlands,MF,Atalanta,133179,
Virgil van Dijk,Netherlands,DF,Liverpool,139208,
Nathan Aké,Netherlands,DF,Manchester City,177476,
Jan Paul van Hecke,Netherlands,DF,Brighton & Hove Albion,576314,
Justin Kluivert,Netherlands,MF,Bournemouth,330659,
Ryan Gravenberch,Netherlands,MF,Liverpool,478573,
Wout Weghorst,Netherlands,FW,Ajax,228645,
Memphis Depay,Netherlands,FW,Corinthians,167850,
Cody Gakpo,Netherlands,FW,Liverpool,434675,
Mats Wieffer,Netherlands,DF,Brighton & Hove Albion,415381,
Robin Roefs,Netherlands,GK,Sunderland,646991,
Tijjani Reijnders,Netherlands,MF,Manchester City,460939,
Micky van de Ven,Netherlands,DF,Tottenham Hotspur,557459,
Guus Til,Netherlands,MF,PSV Eindhoven,372267,
Noa Lang,Netherlands,FW,Galatasaray,339332,
Donyell Malen,Netherlands,FW,Roma,326029,
Brian Brobbey,Netherlands,FW,Sunderland,473169,
Teun Koopmeiners,Netherlands,MF,Juventus,360518,
Frenkie de Jong,Netherlands,MF,Barcelona,326330,
Denzel Dumfries,Netherlands,DF,Inter Milan,321528,
Mark Flekken,Netherlands,GK,Bayer Leverkusen,125714,
Crysencio Summerville,Netherlands,FW,West Ham United,474701,
Jorrel Hato,Netherlands,DF,Chelsea,904802,
Quinten Timber,Netherlands,MF,Marseille,420213,
Jacob Widell Zetterström,Sweden,GK,Derby County,549440,
Gustaf Lagerbielke,Sweden,DF,Braga,485395,
Victor Lindelöf,Sweden,DF,Aston Villa,184573,
Isak Hien,Sweden,DF,Atalanta,503075,
Gabriel Gudmundsson,Sweden,DF,Leeds United,362108,
Herman Johansson,Sweden,DF,FC Dallas,1388709,
Lucas Bergvall,Sweden,MF,Tottenham Hotspur,866246,
Alexander Isak,Sweden,FW,Liverpool,349066,
Anthony Elanga,Sweden,FW,Newcastle United,583189,
Ken Sema,Sweden,MF,Pafos,252345,
Hjalmar Ekdal,Sweden,DF,Burnley,392179,
Carl Starfelt,Sweden,DF,Celta Vigo,258987,
Jesper Karlström,Sweden,MF,Udinese,222855,
Viktor Gyökeres,Sweden,FW,Arsenal,325443,
Yasin Ayari,Sweden,MF,Brighton & Hove Albion,667287,
Mattias Svanberg,Sweden,MF,VfL Wolfsburg,342405,
Alexander Bernhardsson,Sweden,DF,Holstein Kiel,633454,
Besfort Zeneli,Sweden,MF,Union Saint-Gilloise,715653,
Kristoffer Nordfeldt,Sweden,GK,AIK,75890,
Elliot Stroud,Sweden,DF,Mjällby AIF,687622,
Taha Ali,Sweden,FW,Malmö FF,731771,
Mouhib Chamakh,Tunisia,GK,Club Africain,584250,
Ali Abdi,Tunisia,DF,Nice,1400621,
Montassar Talbi,Tunisia,DF,Lorient,496706,
Omar Rekik,Tunisia,DF,Maribor,578292,
Adem Arous,Tunisia,DF,Kasımpaşa,1134080,
Dylan Bronn,Tunisia,DF,Servette,450417,
Elias Achouri,Tunisia,FW,Copenhagen,645589,
Elias Saad,Tunisia,FW,Hannover 96,526466,
Hazem Mastouri,Tunisia,FW,Dynamo Makhachkala,953150,
Hannibal Mejbri,Tunisia,MF,Burnley,607224,
Ismaël Gharbi,Tunisia,MF,FC Augsburg,810096,
Mortadha Ben Ouanes,Tunisia,DF,Kasımpaşa,230921,
Rani Khedira,Tunisia,MF,Union Berlin,124410,
Khalil Ayari,Tunisia,MF,Paris Saint-Germain,1198342,
Hadj Mahmoud,Tunisia,MF,Lugano,673513,
Aymen Dahmen,Tunisia,GK,CS Sfaxien,569433,
Ellyes Skhiri,Tunisia,MF,Eintracht Frankfurt,290587,
Rayan Elloumi,Tunisia,FW,Vancouver Whitecaps FC,1273985,
Firas Chaouat,Tunisia,FW,Club Africain,402087,
Yan Valery,Tunisia,DF,Young Boys,406008,
Mohamed Amine Ben Hamida,Tunisia,DF,Espérance de Tunis,454495,
Sabri Ben Hessen,Tunisia,GK,Étoile du Sahel,295381,
Moutaz Neffati,Tunisia,DF,IFK Norrköping,1034598,
Raed Chikhaoui,Tunisia,DF,US Monastir,1075790,
Anis Ben Slimane,Tunisia,MF,Norwich City,546712,
Sebastian Tounekti,Tunisia,MF,Celtic,539677,
Thibaut Courtois,Belgium,GK,Real Madrid,108390,
Zeno Debast,Belgium,DF,Sporting CP,548193,
Arthur Theate,Belgium,DF,Eintracht Frankfurt,368891,
Brandon Mechele,Belgium,DF,Club Brugge,236168,
Maxim De Cuyper,Belgium,DF,Brighton & Hove Albion,429915,
Axel Witsel,Belgium,MF,Girona,35047,
Kevin De Bruyne,Belgium,MF,Napoli,88755,
Youri Tielemans,Belgium,MF,Aston Villa,249565,
Romelu Lukaku,Belgium,FW,Napoli,96341,
Leandro Trossard,Belgium,FW,Arsenal,144028,
Jérémy Doku,Belgium,FW,Manchester City,486049,
Senne Lammens,Belgium,GK,Manchester United,503883,
Mike Penders,Belgium,GK,Strasbourg,834397,
Dodi Lukébakio,Belgium,FW,Benfica,303259,
Thomas Meunier,Belgium,DF,Lille,100986,
Koni De Winter,Belgium,DF,Milan,490384,
Charles De Ketelaere,Belgium,FW,Atalanta,435772,
Joaquin Seys,Belgium,DF,Club Brugge,981196,
Diego Moreira,Belgium,MF,Strasbourg,1034907,
Hans Vanaken,Belgium,MF,Club Brugge,137576,
Timothy Castagne,Belgium,DF,Fulham,262226,
Alexis Saelemaekers,Belgium,MF,Milan,381950,
Nicolas Raskin,Belgium,MF,Rangers,422763,
Amadou Onana,Belgium,MF,Aston Villa,485706,
Nathan Ngoy,Belgium,DF,Lille,548254,
Matias Fernandez-Pardo,Belgium,FW,Lille,724129,
Mohamed El Shenawy,Egypt,GK,Al Ahly,1258133,
Mohamed Hany,Egypt,DF,Al Ahly,1357729,
Hossam Abdelmaguid,Egypt,DF,Zamalek,737524,
Ramy Rabia,Egypt,DF,Al Ain,172623,
Mohamed Abdelmonem,Egypt,DF,Nice,1497635,
Trézéguet,Egypt,FW,Al Ahly,1547788,
Emam Ashour,Egypt,MF,Al Ahly,604008,
Hamza Abdelkarim,Egypt,FW,Barcelona B,1292926,
Mostafa Ziko,Egypt,MF,Pyramids,896616,
Haissem Hassan,Egypt,FW,Oviedo,620164,
Ahmed Fatouh,Egypt,DF,Zamalek,465966,
Hamdy Fathy,Egypt,MF,Al-Wakrah,340303,
Karim Hafez,Egypt,DF,Pyramids,333004,
Mohanad Lasheen,Egypt,MF,Pyramids,479682,
Ibrahim Adel,Egypt,FW,Nordsjælland,1262950,
Mahmoud Saber,Egypt,MF,ZED,589471,
Omar Marmoush,Egypt,FW,Manchester City,445939,
Tarek Alaa,Egypt,DF,ZED,1087789,
Zizo,Egypt,FW,Al Ahly,320722,
Mohamed Alaa,Egypt,GK,El Gouna,1309196,
Alireza Beiranvand,Iran,GK,Tractor,229081,
Saleh Hardani,Iran,DF,Esteghlal,697155,
Ehsan Hajsafi,Iran,DF,Sepahan,77547,
Milad Mohammadi,Iran,DF,Persepolis,622161,
Alireza Jahanbakhsh,Iran,MF,Dender,213268,
Mehdi Taremi,Iran,FW,Olympiacos,307058,
Mehdi Ghayedi,Iran,FW,Al Nasr,478192,
Ali Alipour,Iran,FW,Persepolis,620632,
Payam Niazmand,Iran,GK,Persepolis,343044,
Hossein Kanaanizadegan,Iran,DF,Persepolis,249400,
Saman Ghoddos,Iran,MF,Kalba,204294,
Rouzbeh Cheshmi,Iran,MF,Esteghlal,273879,
Aria Yousefi,Iran,DF,Sepahan,932724,
Amirhossein Hosseinzadeh,Iran,FW,Tractor,1226868,
Ramin Rezaeian,Iran,DF,Foolad,188312,
Dennis Eckert,Iran,FW,Standard Liège,249303,
Danial Eiri,Iran,DF,Malavan,1080301,
Amirmohammad Razzaghinia,Iran,MF,Esteghlal,1051591,
Max Crocombe,New Zealand,GK,Millwall,207843,
Tim Payne,New Zealand,DF,Wellington Phoenix,149901,
Francis de Vries,New Zealand,DF,Auckland FC,207061,
Tyler Bindon,New Zealand,DF,Sheffield United,1007720,
Michael Boxall,New Zealand,DF,Minnesota United FC,81723,
Matthew Garbett,New Zealand,MF,Peterborough United,617019,
Marko Stamenić,New Zealand,MF,Swansea City,617018,
Sarpreet Singh,New Zealand,MF,Wellington Phoenix,350357,
Elijah Just,New Zealand,MF,Motherwell,485672,
Alex Paulsen,New Zealand,GK,Lechia Gdańsk,617009,
Liberato Cacace,New Zealand,DF,Wrexham,469211,
Alex Rufer,New Zealand,MF,Wellington Phoenix,256019,
Nando Pijnaker,New Zealand,DF,Auckland FC,455425,
Finn Surman,New Zealand,DF,Portland Timbers,724809,
Kosta Barbarouses,New Zealand,FW,Western Sydney Wanderers,50200,
Ben Waine,New Zealand,FW,Port Vale,539502,
Ben Old,New Zealand,MF,Saint-Étienne,617021,
Callum McCowatt,New Zealand,MF,Silkeborg,400797,
Jesse Randall,New Zealand,FW,Auckland FC,677509,
Michael Woud,New Zealand,GK,Auckland FC,350347,
Callan Elliot,New Zealand,DF,Auckland FC,482204,
Lachlan Bayliss,New Zealand,MF,Newcastle Jets,1109358,
Tommy Smith,New Zealand,DF,Braintree Town,664555,
Vozinha,Cape Verde,GK,Chaves,242277,
Stopira,Cape Verde,DF,Torreense,80486,
Diney,Cape Verde,DF,Al Bataeh,349570,
Logan Costa,Cape Verde,DF,Villarreal,484988,
Jovane Cabral,Cape Verde,MF,Estrela Amadora,448466,
Gilson Benchimol,Cape Verde,FW,Akron Tolyatti,820252,
Jamiro Monteiro,Cape Verde,MF,PEC Zwolle,272930,
Garry Rodrigues,Cape Verde,MF,Apollon Limassol,170895,
Márcio Rosa,Cape Verde,GK,Montana,398048,
Sidny Lopes Cabral,Cape Verde,DF,Benfica,611855,
Deroy Duarte,Cape Verde,MF,Ludogorets Razgrad,432852,
Laros Duarte,Cape Verde,MF,Puskás Akadémia,258513,
Yannick Semedo,Cape Verde,MF,Farense,620307,
Willy Semedo,Cape Verde,MF,Omonia,531450,
Telmo Arcanjo,Cape Verde,MF,Vitória de Guimarães,791528,
Dailon Livramento,Cape Verde,FW,Casa Pia,676411,
Ryan Mendes,Cape Verde,FW,Iğdır,111627,
Nuno da Costa,Cape Verde,MF,İstanbul Başakşehir,306166,
Steven Moreira,Cape Verde,DF,Columbus Crew,203517,
CJ dos Santos,Cape Verde,GK,San Diego FC,532096,
Wagner Pina,Cape Verde,DF,Trabzonspor,1072017,
Kelvin Pires,Cape Verde,DF,SJK,662119,
Hélio Varela,Cape Verde,MF,Maccabi Tel Aviv,1461440,
Nawaf Al-Aqidi,Saudi Arabia,GK,Al-Nassr,886183,
Ali Majrashi,Saudi Arabia,DF,Al-Ahli,672391,
Ali Lajami,Saudi Arabia,DF,Al-Hilal,264909,
Abdulelah Al-Amri,Saudi Arabia,DF,Al-Nassr,509894,
Hassan Al-Tambakti,Saudi Arabia,DF,Al-Hilal,509897,
Nasser Al-Dawsari,Saudi Arabia,MF,Al-Hilal,509911,
Musab Al-Juwayr,Saudi Arabia,MF,Al-Qadsiah,901181,
Ayman Yahya,Saudi Arabia,FW,Al-Nassr,735815,
Firas Al-Buraikan,Saudi Arabia,FW,Al-Ahli,631922,
Salem Al-Dawsari,Saudi Arabia,FW,Al-Hilal,195332,
Saud Abdulhamid,Saudi Arabia,DF,Lens,631927,
Nawaf Boushal,Saudi Arabia,DF,Al-Nassr,821377,
Hassan Kadesh,Saudi Arabia,DF,Al-Ittihad,260859,
Abdullah Al-Khaibari,Saudi Arabia,MF,Al-Nassr,437903,
Ziyad Al-Johani,Saudi Arabia,MF,Al-Ahli,901079,
Khalid Al-Ghannam,Saudi Arabia,FW,Al-Ettifaq,631923,
Abdullah Al-Hamdan,Saudi Arabia,FW,Al-Nassr,68626,
Sultan Mandash,Saudi Arabia,FW,Al-Hilal,210349,
Mohammed Al-Owais,Saudi Arabia,GK,Al-Ula,262845,
Ahmed Al-Kassar,Saudi Arabia,GK,Al-Qadsiah,177956,
Mohamed Kanno,Saudi Arabia,MF,Al-Hilal,308120,
Moteb Al-Harbi,Saudi Arabia,DF,Al-Hilal,869509,
Jehad Thakri,Saudi Arabia,DF,Al-Qadsiah,901334,
Mohammed Abu Al-Shamat,Saudi Arabia,DF,Al-Qadsiah,1181852,
David Raya,Spain,GK,Arsenal,262749,
Marc Pubill,Spain,DF,Atlético Madrid,844637,
Álex Grimaldo,Spain,DF,Bayer Leverkusen,193082,
Marcos Llorente,Spain,DF,Atlético Madrid,282411,
Mikel Merino,Spain,MF,Arsenal,338424,
Ferran Torres,Spain,FW,Barcelona,398184,
Fabián Ruiz,Spain,MF,Paris Saint-Germain,350219,
Gavi,Spain,MF,Barcelona,646740,
Dani Olmo,Spain,FW,Barcelona,293385,
Yéremy Pino,Spain,FW,Crystal Palace,568157,
Pedro Porro,Spain,DF,Tottenham Hotspur,553875,
Joan Garcia,Spain,GK,Barcelona,561613,
Aymeric Laporte,Spain,DF,Athletic Bilbao,176553,
Álex Baena,Spain,MF,Atlético Madrid,548111,
Rodri,Spain,MF,Manchester City,357565,
Martín Zubimendi,Spain,MF,Arsenal,423440,
Lamine Yamal,Spain,FW,Barcelona,937958,
Pedri,Spain,MF,Barcelona,683840,
Mikel Oyarzabal,Spain,FW,Real Sociedad,351478,
Pau Cubarsí,Spain,DF,Barcelona,962110,
Unai Simón,Spain,GK,Athletic Bilbao,262396,
Marc Cucurella,Spain,DF,Chelsea,284857,
Borja Iglesias,Spain,FW,Celta Vigo,278359,
Sergio Rochet,Uruguay,GK,Internacional,264014,
José María Giménez,Uruguay,DF,Atlético Madrid,250845,
Sebastián Cáceres,Uruguay,DF,América,821903,
Ronald Araújo,Uruguay,DF,Barcelona,480267,
Manuel Ugarte,Uruguay,MF,Manchester United,476701,
Rodrigo Bentancur,Uruguay,MF,Tottenham Hotspur,354362,
Nicolás de la Cruz,Uruguay,MF,Flamengo,397458,
Federico Valverde,Uruguay,MF,Real Madrid,369081,
Darwin Núñez,Uruguay,FW,Al-Hilal,546543,
Giorgian de Arrascaeta,Uruguay,MF,Flamengo,248410,
Facundo Pellistri,Uruguay,FW,Panathinaikos,676318,
Santiago Mele,Uruguay,GK,Monterrey,320739,
Guillermo Varela,Uruguay,DF,Flamengo,188862,
Agustín Canobbio,Uruguay,MF,Fluminense,457533,
Mathías Olivera,Uruguay,DF,Napoli,376514,
Matías Viña,Uruguay,DF,River Plate,439072,
Rodrigo Aguirre,Uruguay,FW,UANL,1503445,
Maximiliano Araújo,Uruguay,MF,Sporting CP,572675,
Federico Viñas,Uruguay,FW,Oviedo,578419,
Joaquín Piquerez,Uruguay,MF,Palmeiras,496268,
Fernando Muslera,Uruguay,GK,Estudiantes,58088,
Juan Manuel Sanabria,Uruguay,MF,Real Salt Lake,446106,
Rodrigo Zalazar,Uruguay,MF,Braga,965039,
Malo Gusto,France,DF,Chelsea,620322,
Lucas Digne,France,DF,Aston Villa,126664,
Dayot Upamecano,France,DF,Bayern Munich,344695,
Jules Koundé,France,DF,Barcelona,411975,
Manu Koné,France,MF,Roma,624690,
Aurélien Tchouaméni,France,MF,Real Madrid,413112,
Marcus Thuram,France,FW,Inter Milan,318528,
Kylian Mbappé,France,FW,Real Madrid,342229,
Michael Olise,France,FW,Bayern Munich,566723,
Bradley Barcola,France,FW,Paris Saint-Germain,708265,
N'Golo Kanté,France,MF,Fenerbahçe,225083,
Adrien Rabiot,France,MF,Milan,182913,
Mike Maignan,France,GK,Milan,182906,
William Saliba,France,DF,Arsenal,495666,
Warren Zaïre-Emery,France,MF,Paris Saint-Germain,810092,
Théo Hernandez,France,DF,Al-Hilal,339808,
Désiré Doué,France,FW,Paris Saint-Germain,914562,
Lucas Hernandez,France,DF,Paris Saint-Germain,1504911,
Jean-Philippe Mateta,France,FW,Crystal Palace,420002,
Robin Risser,France,GK,Lens,743515,
Rayan Cherki,France,MF,Manchester City,607223,
Maghnes Akliouche,France,MF,Monaco,745200,
Maxence Lacroix,France,DF,Crystal Palace,434224,
Fahad Talib,Iraq,GK,Al-Talaba,377268,
Rebin Sulaka,Iraq,DF,Port,217073,
Hussein Ali,Iraq,DF,Pogoń Szczecin,1556926,
Zaid Tahseen,Iraq,DF,Pakhtakor,931147,
Akam Hashim,Iraq,DF,Al-Zawraa,933541,
Manaf Younis,Iraq,DF,Al-Shorta,945266,
Youssef Amyn,Iraq,MF,AEK Larnaca,684307,
Ibrahim Bayesh,Iraq,MF,Al Dhafra,560957,
Ali Al-Hamadi,Iraq,FW,Luton Town,610581,
Mohanad Ali,Iraq,FW,Dibba,589646,
Jalal Hassan,Iraq,GK,Al-Zawraa,959177,
Ali Yousif,Iraq,FW,Al-Talaba,576265,
Zidane Iqbal,Iraq,MF,Utrecht,686845,
Ahmed Maknzi,Iraq,DF,Al-Karma,881506,
Amir Al-Ammari,Iraq,MF,Cracovia,303766,
Ali Jasim,Iraq,FW,Al-Najma,947891,
Aymen Hussein,Iraq,FW,Al-Karma,401054,
Kevin Yakob,Iraq,MF,AGF,413268,
Aimar Sher,Iraq,MF,Sarpsborg 08,579294,
Marko Farji,Iraq,FW,Venezia,663153,
Ahmed Basil,Iraq,GK,Al-Shorta,560952,
Merchas Doski,Iraq,DF,Viktoria Plzeň,530527,
Zaid Ismail,Iraq,MF,Al-Talaba,1132850,
Mustafa Saadoon,Iraq,DF,Al-Shorta,952341,
Ørjan Nyland,Norway,GK,Sevilla,73517,
Morten Thorsby,Norway,MF,Cremonese,226524,
Kristoffer Ajer,Norway,DF,Brentford,328658,
Leo Østigård,Norway,DF,Genoa,367284,
David Møller Wolfe,Norway,DF,Wolverhampton Wanderers,661427,
Patrick Berg,Norway,MF,Bodø/Glimt,308439,
Alexander Sørloth,Norway,FW,Atlético Madrid,238407,
Sander Berge,Norway,MF,Fulham,333014,
Erling Haaland,Norway,FW,Manchester City,418560,
Martin Ødegaard,Norway,MF,Arsenal,316264,
Jørgen Strand Larsen,Norway,FW,Crystal Palace,429983,
Sander Tangvik,Norway,GK,Hamburger SV,549378,
Egil Selvik,Norway,GK,Watford,380744,
Fredrik Aursnes,Norway,MF,Benfica,223367,
Fredrik André Bjørkan,Norway,DF,Bodø/Glimt,364938,
Marcus Holmgren Pedersen,Norway,DF,Torino,583404,
Torbjørn Heggem,Norway,DF,Bologna,464469,
Kristian Thorstvedt,Norway,MF,Sassuolo,564785,
Thelo Aasgaard,Norway,MF,Rangers,647384,
Antonio Nusa,Norway,FW,RB Leipzig,894914,
Andreas Schjelderup,Norway,MF,Benfica,670103,
Oscar Bobb,Norway,MF,Fulham,661207,
Jens Petter Hauge,Norway,MF,Bodø/Glimt,422355,
Sondre Langås,Norway,DF,Derby County,737837,
Henrik Falchener,Norway,DF,Viking,743088,
Julian Ryerson,Norway,FW,Borussia Dortmund,370789,
Yehvann Diouf,Senegal,GK,Nice,448632,
Mamadou Sarr,Senegal,DF,Chelsea,1516388,
Kalidou Koulibaly,Senegal,DF,Al-Hilal,93128,
Idrissa Gueye,Senegal,MF,Everton,1178488,
Pathé Ciss,Senegal,MF,Rayo Vallecano,525578,
Assane Diao,Senegal,FW,Como,1061282,
Bamba Dieng,Senegal,FW,Lorient,822458,
Sadio Mané,Senegal,FW,Al-Nassr,200512,
Nicolas Jackson,Senegal,FW,Bayern Munich,776890,
Iliman Ndiaye,Senegal,FW,Everton,623570,
Ismail Jakobs,Senegal,DF,Galatasaray,375137,
Krépin Diatta,Senegal,DF,Monaco,490426,
Pape Matar Sarr,Senegal,MF,Tottenham Hotspur,568693,
Ismaïla Sarr,Senegal,FW,Crystal Palace,410225,
Moussa Niakhaté,Senegal,DF,Lyon,291200,
Ibrahim Mbaye,Senegal,FW,Paris Saint-Germain,1185888,
Habib Diarra,Senegal,MF,Sunderland,876631,
Bara Sapoko Ndiaye,Senegal,MF,Bayern Munich,1497653,
Mory Diaw,Senegal,GK,Le Havre,164904,
El Hadji Malick Diouf,Senegal,DF,West Ham United,1111589,
Pape Gueye,Senegal,MF,Villarreal,1497802,
Melvin Mastil,Algeria,GK,Stade Nyonnais,534398,
Aïssa Mandi,Algeria,DF,Lille,80293,
Achref Abada,Algeria,DF,USM Alger,949929,
Mohamed Amine Tougai,Algeria,DF,Espérance de Tunis,592396,
Zineddine Belaïd,Algeria,DF,JS Kabylie,625142,
Ramiz Zerrouki,Algeria,MF,Twente,416660,
Riyad Mahrez,Algeria,FW,Al-Ahli,171424,
Houssem Aouar,Algeria,MF,Al-Ittihad,395693,
Amine Gouiri,Algeria,FW,Marseille,418659,
Farès Chaïbi,Algeria,MF,Eintracht Frankfurt,855015,
Anis Hadj Moussa,Algeria,FW,Feyenoord,917911,
Nadhir Benbouali,Algeria,FW,Győri ETO,840254,
Jaouen Hadjam,Algeria,DF,Young Boys,750903,
Hicham Boudaoui,Algeria,MF,Nice,560593,
Rayan Aït-Nouri,Algeria,DF,Manchester City,578391,
Oussama Benbot,Algeria,GK,USM Alger,437982,
Rafik Belghali,Algeria,DF,Hellas Verona,864306,
Mohamed Amoura,Algeria,FW,VfL Wolfsburg,746910,
Nabil Bentaleb,Algeria,MF,Lille,245537,
Adil Boulbina,Algeria,FW,Al-Duhail,748443,
Ramy Bensebaini,Algeria,DF,Borussia Dortmund,284732,
Ibrahim Maza,Algeria,MF,Bayer Leverkusen,905011,
Luca Zidane,Algeria,GK,Granada,283489,
Farès Ghedjemis,Algeria,FW,Frosinone,888738,
Samir Chergui,Algeria,DF,Paris FC,668167,
Juan Musso,Argentina,GK,Atlético Madrid,242359,
Marcos Senesi,Argentina,DF,Bournemouth,469781,
Nicolás Tagliafico,Argentina,DF,Lyon,131225,
Gonzalo Montiel,Argentina,DF,River Plate,402733,
Lisandro Martínez,Argentina,DF,Manchester United,480762,
Rodrigo De Paul,Argentina,MF,Inter Miami CF,255901,
Valentín Barco,Argentina,MF,Strasbourg,849410,
Julián Alvarez,Argentina,FW,Atlético Madrid,576024,
Lionel Messi,Argentina,FW,Inter Miami CF,28003,
Giovani Lo Celso,Argentina,MF,Real Betis,348795,
Gerónimo Rulli,Argentina,GK,Marseille,229604,
Exequiel Palacios,Argentina,MF,Bayer Leverkusen,401578,
Nicolás González,Argentina,MF,Atlético Madrid,819997,
Thiago Almada,Argentina,FW,Atlético Madrid,576028,
Giuliano Simeone,Argentina,FW,Atlético Madrid,742201,
Nico Paz,Argentina,FW,Como,948294,
Nicolás Otamendi,Argentina,DF,Benfica,54781,
Alexis Mac Allister,Argentina,MF,Liverpool,534033,
José Manuel López,Argentina,FW,Palmeiras,844797,
Lautaro Martínez,Argentina,FW,Inter Milan,406625,
Enzo Fernández,Argentina,MF,Chelsea,874331,
Facundo Medina,Argentina,DF,Marseille,474800,
Nahuel Molina,Argentina,DF,Atlético Madrid,424042,
Alexander Schlager,Austria,GK,Red Bull Salzburg,186374,
David Affengruber,Austria,DF,Elche,122890,
Kevin Danso,Austria,DF,Tottenham Hotspur,263236,
Xaver Schlager,Austria,MF,RB Leipzig,223979,
Stefan Posch,Austria,DF,Mainz 05,223974,
Nicolas Seiwald,Austria,MF,RB Leipzig,404950,
Marko Arnautović,Austria,FW,Red Star Belgrade,41384,
David Alaba,Austria,DF,Real Madrid,59016,
Marcel Sabitzer,Austria,MF,Borussia Dortmund,106987,
Florian Grillitsch,Austria,MF,Braga,195736,
Florian Wiegele,Austria,GK,Viktoria Plzeň,393999,
Patrick Pentz,Austria,GK,Brøndby,223972,
Saša Kalajdžić,Austria,FW,LASK,369567,
Philipp Lienhart,Austria,DF,SC Freiburg,225657,
Phillipp Mwene,Austria,DF,Mainz 05,127573,
Carney Chukwuemeka,Austria,MF,Borussia Dortmund,659459,
Romano Schmid,Austria,MF,Werder Bremen,346853,
Dejan Ljubičić,Austria,MF,Schalke 04,287188,
Konrad Laimer,Austria,MF,Bayern Munich,223967,
Alexander Prass,Austria,MF,TSG Hoffenheim,434116,
Paul Wanner,Austria,MF,PSV Eindhoven,900909,
Michael Svoboda,Austria,DF,Venezia,438961,
Alessandro Schöpf,Austria,MF,Wolfsberger AC,118397,
Yazeed Abulaila,Jordan,GK,Al-Hussein,261850,
Mohammad Abu Hashish,Jordan,DF,Al-Karma,895249,
Abdallah Nasib,Jordan,DF,Al-Zawraa,882197,
Husam Abu Dahab,Jordan,DF,Al-Faisaly,895291,
Yazan Al-Arab,Jordan,DF,FC Seoul,539961,
Amer Jamous,Jordan,MF,Al-Zawraa,744040,
Noor Al-Rawabdeh,Jordan,MF,Selangor,561485,
Ali Olwan,Jordan,FW,Al-Sailiya,664057,
Mahmoud Al-Mardi,Jordan,FW,Al-Hussein,401086,
Rajaei Ayed,Jordan,MF,Al-Hussein,261842,
Ibrahim Sadeh,Jordan,MF,Al-Karma,709974,
Mo Abualnadi,Jordan,DF,Selangor,658052,
Salim Obaid,Jordan,DF,Al-Hussein,217929,
Mohammad Taha,Jordan,MF,Al-Hussein,1078444,
Mohannad Abu Taha,Jordan,MF,Al-Quwa Al-Jawiya,883111,
Nizar Al-Rashdan,Jordan,MF,Qatar SC,734751,
Abdallah Al-Fakhouri,Jordan,GK,Al-Wehdat,658805,
Ali Azaizeh,Jordan,FW,Al-Shabab,1059056,
Mohammad Al-Dawoud,Jordan,MF,Al-Wehdat,310801,
Anas Badawi,Jordan,DF,Al-Faisaly,1378902,
David Ospina,Colombia,GK,Atlético Nacional,73396,
Jhon Lucumí,Colombia,DF,Bologna,413565,
Santiago Arias,Colombia,DF,Independiente,1519634,
Kevin Castaño,Colombia,MF,River Plate,857948,
Richard Ríos,Colombia,MF,Benfica,842997,
Jorge Carrascal,Colombia,MF,Flamengo,354145,
James Rodríguez,Colombia,MF,Minnesota United FC,88103,
Jhon Arias,Colombia,MF,Palmeiras,588989,
Camilo Vargas,Colombia,GK,Atlas,908301,
Yerry Mina,Colombia,DF,Cagliari,289446,
Gustavo Puerta,Colombia,DF,Racing Santander,936981,
Juan Portilla,Colombia,MF,Athletico Paranaense,94864,
Jefferson Lerma,Colombia,MF,Crystal Palace,262980,
Johan Mojica,Colombia,DF,Mallorca,262939,
Willer Ditta,Colombia,DF,Cruz Azul,609255,
Cucho Hernández,Colombia,FW,Real Betis,459463,
Juan Fernando Quintero,Colombia,MF,River Plate,122582,
Jaminton Campaz,Colombia,FW,Rosario Central,491553,
Deiver Machado,Colombia,DF,Nantes,332560,
Davinson Sánchez,Colombia,DF,Galatasaray,341429,
Álvaro Montero,Colombia,GK,Vélez Sarsfield,221990,
Luis Suárez,Colombia,FW,Sporting CP,1281671,
Andrés Gómez,Colombia,FW,Vasco da Gama,957461,
Lionel Mpasi,DR Congo,GK,Le Havre,164915,
Aaron Wan-Bissaka,DR Congo,DF,West Ham United,477758,
Steve Kapuadi,DR Congo,DF,Widzew Łódź,679709,
Axel Tuanzebe,DR Congo,DF,Burnley,342046,
Dylan Batubinsika,DR Congo,DF,AEL,289432,
Ngal'ayel Mukau,DR Congo,MF,Lille,1016015,
Nathanaël Mbuku,DR Congo,MF,Montpellier,557614,
Samuel Moutoussamy,DR Congo,MF,Atromitos,353403,
Brian Cipenga,DR Congo,FW,Castellón,700565,
Théo Bongonda,DR Congo,MF,Spartak Moscow,280701,
Gaël Kakuta,DR Congo,FW,AEL,74297,
Joris Kayembe,DR Congo,DF,Genk,129586,
Meschak Elia,DR Congo,FW,Alanyaspor,423678,
Noah Sadiki,DR Congo,MF,Sunderland,727089,
Aaron Tshibola,DR Congo,MF,Kilmarnock,243633,
Timothy Fayulu,DR Congo,GK,Noah,541420,
Cédric Bakambu,DR Congo,FW,Real Betis,127048,
Charles Pickel,DR Congo,MF,Espanyol,243879,
Fiston Mayele,DR Congo,FW,Pyramids,727157,
Yoane Wissa,DR Congo,FW,Newcastle United,388165,
Matthieu Epolo,DR Congo,GK,Standard Liège,680218,
Chancel Mbemba,DR Congo,DF,Lille,203348,
Simon Banza,DR Congo,FW,Al Jazira,344869,
Gédéon Kalulu,DR Congo,DF,Aris Limassol,395685,
Edo Kayembe,DR Congo,MF,Watford,486477,
Arthur Masuaku,DR Congo,DF,Lens,181380,
Nélson Semedo,Portugal,DF,Fenerbahçe,231572,
Rúben Dias,Portugal,DF,Manchester City,258004,
Tomás Araújo,Portugal,DF,Benfica,504087,
Diogo Dalot,Portugal,DF,Manchester United,357147,
Matheus Nunes,Portugal,MF,Manchester City,1355797,
Bruno Fernandes,Portugal,MF,Manchester United,1404134,
Gonçalo Ramos,Portugal,FW,Paris Saint-Germain,550550,
João Félix,Portugal,FW,Al-Nassr,1045937,
José Sá,Portugal,GK,Wolverhampton Wanderers,249994,
Renato Veiga,Portugal,DF,Villarreal,805714,
Gonçalo Inácio,Portugal,DF,Sporting CP,549006,
João Neves,Portugal,MF,Paris Saint-Germain,1540045,
Francisco Trincão,Portugal,FW,Sporting CP,412669,
Gonçalo Guedes,Portugal,FW,Real Sociedad,225122,
João Cancelo,Portugal,DF,Barcelona,182712,
Vitinha,Portugal,MF,Paris Saint-Germain,1315345,
Samú Costa,Portugal,DF,Mallorca,657430,
Utkir Yusupov,Uzbekistan,GK,Navbahor Namangan,311958,
Abdukodir Khusanov,Uzbekistan,DF,Manchester City,763079,
Farrukh Sayfiev,Uzbekistan,DF,Neftchi Fergana,212499,
Rustam Ashurmatov,Uzbekistan,DF,Esteghlal,288883,
Akmal Mozgovoy,Uzbekistan,MF,Pakhtakor,562022,
Otabek Shukurov,Uzbekistan,MF,Baniyas,294525,
Jamshid Iskanderov,Uzbekistan,MF,Neftchi Fergana,260857,
Jaloliddin Masharipov,Uzbekistan,MF,Esteghlal,274536,
Oston Urunov,Uzbekistan,MF,Persepolis,492556,
Sherzod Nasrullaev,Uzbekistan,DF,Nasaf,608537,
Eldor Shomurodov,Uzbekistan,FW,İstanbul Başakşehir,358166,
Umar Eshmurodov,Uzbekistan,DF,Nasaf,493725,
Botirali Ergashev,Uzbekistan,GK,Neftchi Fergana,312690,
Dostonbek Khamdamov,Uzbekistan,MF,Pakhtakor,294502,
Abdulla Abdullaev,Uzbekistan,DF,Dibba,570272,
Azizjon Ganiev,Uzbekistan,MF,Al Bataeh,431911,
Abbosbek Fayzullaev,Uzbekistan,MF,İstanbul Başakşehir,754037,
Sherzod Esanov,Uzbekistan,MF,Bukhara,989068,
Bekhruz Karimov,Uzbekistan,DF,Surkhon Termiz,1106187,
Avazbek Ulmasaliev,Uzbekistan,DF,AGMK,538764,
Jakhongir Urozov,Uzbekistan,DF,Dinamo Samarqand,989069,
Dominik Livaković,Croatia,GK,Dinamo Zagreb,205927,
Josip Stanišić,Croatia,DF,Bayern Munich,483046,
Marin Pongračić,Croatia,DF,Fiorentina,282144,
Joško Gvardiol,Croatia,DF,Manchester City,475959,
Duje Ćaleta-Car,Croatia,DF,Real Sociedad,238266,
Josip Šutalo,Croatia,DF,Ajax,371001,
Nikola Moro,Croatia,MF,Bologna,316934,
Andrej Kramarić,Croatia,FW,TSG Hoffenheim,46580,
Luka Modrić,Croatia,MF,Milan,27992,
Ivor Pandur,Croatia,GK,Hull City,371013,
Nikola Vlašić,Croatia,MF,Torino,293200,
Ivan Perišić,Croatia,FW,PSV Eindhoven,42460,
Mario Pašalić,Croatia,MF,Atalanta,205938,
Martin Baturina,Croatia,MF,Como,580451,
Petar Sučić,Croatia,MF,Inter Milan,668207,
Kristijan Jakić,Croatia,DF,FC Augsburg,374954,
Toni Fruk,Croatia,MF,Rijeka,432758,
Igor Matanović,Croatia,FW,SC Freiburg,605268,
Luka Sučić,Croatia,MF,Real Sociedad,502722,
Luka Vušković,Croatia,DF,Hamburger SV,892160,
Dominik Kotarski,Croatia,GK,Copenhagen,370997,
Marco Pašalić,Croatia,FW,Orlando City SC,395928,
Martin Erlić,Croatia,DF,Midtjylland,357003,
Petar Musa,Croatia,FW,FC Dallas,387110,
Jordan Pickford,England,GK,Everton,130164,
Ezri Konsa,England,DF,Aston Villa,413403,
Nico O'Reilly,England,DF,Manchester City,743413,
Declan Rice,England,MF,Arsenal,357662,
John Stones,England,DF,Manchester City,186590,
Marc Guéhi,England,DF,Manchester City,392757,
Bukayo Saka,England,FW,Arsenal,433177,
Harry Kane,England,FW,Bayern Munich,132098,
Jude Bellingham,England,MF,Real Madrid,581678,
Marcus Rashford,England,FW,Barcelona,258923,
Tino Livramento,England,DF,Newcastle United,503981,
Dean Henderson,England,GK,Crystal Palace,258919,
Jordan Henderson,England,MF,Brentford,61651,
Dan Burn,England,DF,Newcastle United,134270,
Kobbie Mainoo,England,MF,Manchester United,820374,
Morgan Rogers,England,MF,Aston Villa,503743,
Ollie Watkins,England,FW,Aston Villa,324358,
Noni Madueke,England,FW,Arsenal,503987,
Eberechi Eze,England,MF,Arsenal,479999,
Ivan Toney,England,FW,Al-Ahli,251664,
James Trafford,England,GK,Manchester City,566799,
Reece James,England,DF,Chelsea,245585,
Djed Spence,England,DF,Tottenham Hotspur,483348,
Jarell Quansah,England,DF,Bayer Leverkusen,632349,
Alidu Seidu,Ghana,DF,Rennes,798404,
Caleb Yirenkyi,Ghana,MF,Nordsjælland,1240763,
Jonas Adjetey,Ghana,DF,VfL Wolfsburg,734676,
Thomas Partey,Ghana,MF,Villarreal,230784,
Abdul Mumin,Ghana,DF,Rayo Vallecano,451801,
Abdul Fatawu,Ghana,FW,Leicester City,864121,
Kwasi Sibo,Ghana,MF,Oviedo,538006,
Jordan Ayew,Ghana,FW,Leicester City,108354,
Brandon Thomas-Asante,Ghana,FW,Coventry City,451747,
Antoine Semenyo,Ghana,MF,Manchester City,583255,
Joseph Anang,Ghana,GK,St Patrick's Athletic,576099,
Christopher Bonsu Baah,Ghana,FW,Al-Qadsiah,1119447,
Gideon Mensah,Ghana,DF,Auxerre,1060523,
Elisha Owusu,Ghana,MF,Auxerre,395695,
Benjamin Asare,Ghana,GK,Hearts of Oak,1285574,
Abdul Rahman Baba,Ghana,DF,PAOK,224884,
Jerome Opoku,Ghana,DF,İstanbul Başakşehir,408563,
Iñaki Williams,Ghana,FW,Athletic Bilbao,255508,
Augustine Boakye,Ghana,MF,Saint-Étienne,1032813,
Kojo Peprah Oppong,Ghana,DF,Nice,1113451,
Kamaldeen Sulemana,Ghana,FW,Atalanta,746695,
Derrick Luckassen,Ghana,DF,Pafos,241457,
Ernest Nuamah,Ghana,FW,Lyon,955070,
Prince Kwabena Adu,Ghana,FW,Viktoria Plzeň,734799,
Marvin Senaya,Ghana,DF,Auxerre,830890,
Luis Mejía,Panama,GK,Nacional,76715,
José Córdoba,Panama,DF,Norwich City,698415,
Fidel Escobar,Panama,DF,Saprissa,345716,
Edgardo Fariña,Panama,DF,Pari Nizhny Novgorod,923177,
Adalberto Carrasquilla,Panama,MF,UNAM,375300,
Tomás Rodríguez,Panama,FW,Saprissa,1450963,
Ismael Díaz,Panama,MF,León,243298,
Yoel Bárcenas,Panama,MF,Mazatlán,283473,
César Samudio,Panama,GK,Marathón,865550,
Jiovany Ramos,Panama,DF,Puerto Cabello,403809,
Carlos Harvey,Panama,DF,Minnesota United FC,628806,
Andrés Andrade,Panama,DF,LASK,120093,
José Fajardo,Panama,FW,Universidad Católica,941781,
Cecilio Waterman,Panama,FW,Universidad de Concepción,177064,
Alberto Quintero,Panama,MF,Plaza Amador,126019,
Aníbal Godoy,Panama,MF,San Diego FC,161671,
César Yanis,Panama,MF,Cobresal,741098,
Orlando Mosquera,Panama,GK,Al-Fayha,402979,
Michael Amir Murillo,Panama,DF,Beşiktaş,354482,
Azarias Londoño,Panama,FW,Universidad Católica,860998,
Roderick Miller,Panama,DF,Turan Tovuz,157154,
Abdoulaye Seck,Senegal,DF,Maccabi Haifa,265383,
Ahmed Fathy,Qatar,MF,Al-Arabi,1530249,
Ahmed Qasem,Iraq,FW,Nashville SC,833817,
Ajdin Hrustic,Australia,FW,Heracles Almelo,265625,
Aleksandar Pavlović,Germany,MF,Bayern Munich,792380,
Alexis Vega,Mexico,FW,Toluca,424689,
Ali Ahmed,Canada,FW,Norwich City,995642,
Ali Nemati,Iran,DF,Foolad,527092,
Andy Robertson,Scotland,DF,Liverpool,234803,
Antoine Mendy,Senegal,DF,Nice,891998,
Antonio Sanabria,Paraguay,FW,Cremonese,234523,
Armando González,Mexico,FW,Guadalajara,837619,
Benjamin Nygren,Sweden,MF,Celtic,475949,
Brian Rodríguez,Uruguay,FW,América,465818,
Brice Samba,France,GK,Rennes,191056,
Bruno Guimarães,Brazil,MF,Newcastle United,520624,
Carlos Acevedo,Mexico,GK,Santos Laguna,356042,
Casemiro,Brazil,MF,Manchester United,16306,
Cherif Ndiaye,Senegal,FW,Samsunspor,480705,
Chris Wood,New Zealand,FW,Nottingham Forest,108725,
Craig Gordon,Scotland,GK,Heart of Midlothian,12589,
Cristian Martínez,Panama,MF,Ironi Kiryat Shmona,374720,
Cristian Roldan,United States,MF,Seattle Sounders FC,354792,
Cristian Romero,Argentina,DF,Tottenham Hotspur,355915,
César Blackman,Panama,DF,Slovan Bratislava,440383,
Daniel Svensson,Sweden,DF,Borussia Dortmund,579287,
Danilo Luiz,Brazil,DF,Flamengo,145707,
David Zima,Czech Republic,DF,Slavia Prague,544149,
Deniz Gül,Turkey,FW,Porto,1063292,
Douglas Santos,Brazil,DF,Zenit Saint Petersburg,220793,
Elliot Anderson,England,MF,Nottingham Forest,567576,
Eric Davis,Panama,DF,Plaza Amador,121791,
Eric García,Spain,DF,Barcelona,466794,
Eric Smith,Sweden,DF,FC St. Pauli,292534,
Fabian Rieder,Switzerland,MF,FC Augsburg,507341,
Florian Wirtz,Germany,MF,Liverpool,598577,
Félix Torres,Ecuador,DF,Internacional,468174,
Gilberto Mora,Mexico,MF,Tijuana,231614,
Gonzalo Valle,Ecuador,GK,LDU Quito,351941,
Guillermo Martínez,Mexico,FW,Pumas,347932,
Gustaf Nilsson,Sweden,FW,Club Brugge,320440,
Gustavo Gómez,Paraguay,DF,Palmeiras,215390,
Gustavo Velázquez,Paraguay,DF,Cerro Porteño,389399,
Hossein Hosseini,Iran,GK,Sepahan,132561,
Ibrahim Sangaré,Ivory Coast,MF,Nottingham Forest,375885,
Ibrahima Konaté,France,DF,Liverpool,357119,
Igor Sergeev,Uzbekistan,FW,Persepolis,185372,
Ismaël Koné,Canada,MF,Sassuolo,921655,
Jack Hendry,Scotland,DF,Al-Ettifaq,363223,
Jhon Córdoba,Colombia,FW,Krasnodar,185245,
Joe Bell,New Zealand,MF,Viking,345700,
Johan Vásquez,Mexico,DF,Genoa,532937,
Jorge Gutiérrez,Panama,DF,Deportivo La Guaira,443379,
José Luis Rodríguez,Panama,MF,Juárez,430339,
João Paulo,Cape Verde,MF,FCSB,211072,
Kenny McLean,Scotland,MF,Norwich City,126600,
Kevin Pina,Cape Verde,MF,Krasnodar,544586,
Lamine Camara,Senegal,MF,Monaco,918969,
Lewis Ferguson,Scotland,MF,Bologna,428563,
Luis Chávez,Mexico,MF,Dynamo Moscow,331059,
Luis Díaz,Colombia,FW,Bayern Munich,480692,
Luiz Henrique,Brazil,FW,Zenit Saint Petersburg,800175,
Léo Pereira,Brazil,DF,Flamengo,288431,
Malick Thiaw,Germany,DF,Newcastle United,521964,
Marco Friedl,Austria,DF,Werder Bremen,156990,
Marvin Keller,Switzerland,GK,Young Boys,500763,
Mateo Kovačić,Croatia,MF,Manchester City,51471,
Matheus Cunha,Brazil,FW,Manchester United,876739,
Mehdi Torabi,Iran,MF,Tractor,283833,
Michael Gregoritsch,Austria,FW,FC Augsburg,120205,
Miles Robinson,United States,DF,FC Cincinnati,468022,
Mohamed Koné,Ivory Coast,GK,Charleroi,911985,
Mohamed Salah,Egypt,FW,Liverpool,148455,
Mohammad Ghorbani,Iran,MF,Al Wahda,856087,
Mohammad Mohebi,Iran,MF,Rostov,603149,
Nathaniel Brown,Germany,DF,Eintracht Frankfurt,691892,
Nihad Mujakić,Bosnia and Herzegovina,DF,Gaziantep,380919,
Nikola Katić,Bosnia and Herzegovina,DF,Schalke 04,422051,
Patrick Wimmer,Austria,FW,VfL Wolfsburg,533295,
Pedro Neto,Portugal,FW,Chelsea,487465,
Rafael Leão,Portugal,FW,Milan,357164,
Raphinha,Brazil,FW,Barcelona,411295,
Raúl Jiménez,Mexico,FW,Fulham,206040,
Rodri,Spain,MF,Manchester City,86784,
Roberto Alvarado,Mexico,FW,Guadalajara,353583,
Roberto Lopes,Cape Verde,DF,Shamrock Rovers,166158,
Rui Silva,Portugal,GK,Sporting CP,234811,
Ryan Christie,Scotland,MF,Bournemouth,188077,
Ryan Thomas,New Zealand,MF,PEC Zwolle,259916,
Saleh Al-Shehri,Saudi Arabia,FW,Al-Ittihad,242267,
Santiago Bueno,Uruguay,DF,Wolverhampton Wanderers,438001,
Sead Kolašinac,Bosnia and Herzegovina,DF,Atalanta,94005,
Teboho Mokoena,South Africa,MF,Mamelodi Sundowns,436372,
Viktor Johansson,Sweden,GK,Stoke City,273742,
Víctor Muñoz,Spain,FW,Osasuna,935231,
Yasser Ibrahim,Egypt,DF,Al Ahly,237425,
Édouard Mendy,Senegal,GK,Al-Ahli,442531,
Anthony Gordon,England,FW,Newcastle United,503733,
Nico Williams,Spain,FW,Athletic Bilbao,709187,
Matěj Kovář,Czech Republic,GK,PSV Eindhoven,550829,
Francisco Conceição,Portugal,FW,Juventus,487474,
Diogo Costa,Portugal,GK,Porto,357153,
Ante Budimir,Croatia,FW,Osasuna,46413,
Can Uzun,Turkey,FW,Eintracht Frankfurt,816585,
Kaan Ayhan,Turkey,MF,Galatasaray,119031,
Hiroki Itō,Japan,DF,Bayern Munich,353892,
Djibril Sow,Switzerland,MF,Sevilla,212723,
Neymar,Brazil,FW,Santos,68290,
Weverton,Brazil,GK,Grêmio,69400,
Gabriel Martinelli,Brazil,FW,Arsenal,655488,
Yassine Bounou,Morocco,GK,Al-Hilal,207834,
Diego Gómez,Paraguay,MF,Brighton & Hove Albion,996897,
Julio Enciso,Paraguay,FW,Strasbourg,660867,
Zeki Çelik,Turkey,DF,Roma,251075,
Oliver Baumann,Germany,GK,TSG Hoffenheim,55089,
Pascal Groß,Germany,MF,Brighton & Hove Albion,82873,
Oumar Diakité,Ivory Coast,FW,Cercle Brugge,847279,
Parfait Guiagon,Ivory Coast,MF,Charleroi,624913,
Keito Nakamura,Japan,MF,Reims,405397,
Emiliano Martínez,Argentina,GK,Aston Villa,111873,
Ousmane Dembélé,France,FW,Paris Saint-Germain,288230,
Leandro Paredes,Argentina,MF,Boca Juniors,166237,
Daniel Muñoz,Colombia,DF,Crystal Palace,493003,
Cristiano Ronaldo,Portugal,FW,Al-Nassr,8198,
Bernardo Silva,Portugal,MF,Manchester City,241641,
Rúben Neves,Portugal,MF,Al-Hilal,225161,
Nuno Mendes,Portugal,DF,Paris Saint-Germain,616341,
